ID,Time,V1,V2,V3,V4,V5,V6,V7,V8,V9,V10,V11,V12,V13,V14,V15,V16,V17,V18,V19,V20,V21,V22,V23,V24,V25,V26,V27,V28,Amount
0,148468,0.218810192,2.71585508,-5.111657839,6.310660974,-0.848345065,-0.882445799,-2.902079247,0.939162178,-3.627698142,-1.873330853,1.203834484,-6.172629918,-0.921364297,-3.941965105,-0.062221383,-5.241049108,-8.152829372,-3.243436445,1.935483754,0.381681939,1.083640212,1.037323802,0.062325138,0.532489604,-0.149144855,0.639579646,0.351567638,-0.001816515,0.76
1,81372,-0.885254089,1.790649232,-0.945148961,3.853432747,-1.543510075,0.188582114,-2.988382756,1.344058551,-2.294534709,-1.88617599,1.904283593,-4.002414031,-0.936955588,-2.801915423,0.798328053,-2.348739926,-6.426734307,-0.827308425,1.732381758,0.370040521,0.746159905,0.550802012,-0.034882342,-0.567608404,-0.528317953,0.258782457,0.506892695,0.176735549,7.57
2,93853,-6.185857478,7.102984922,-13.03045526,8.010823398,-7.885237361,-3.974549994,-12.22960778,4.971231702,-4.248307013,-12.9654812,8.688307992,-17.18291843,0.069576915,-14.11615601,0.959031717,-12.37533374,-18.71676451,-6.522014573,3.51795494,0.483930108,2.50277241,0.48169129,0.480957978,0.360318639,-0.293354296,-0.199193158,-0.203917328,0.398927186,44.9
3,47982,-1.232804128,2.244118745,-1.703825793,1.492535865,-1.19298517,-1.686110213,-1.864611505,0.856122314,-1.973535278,-3.942382904,2.40165068,-3.394265618,-0.145161725,-4.329795513,0.758760886,-3.199046476,-4.480183565,-2.485668784,-0.095807434,0.207889302,0.560475066,0.165681718,-0.013753517,0.47493518,-0.218725074,0.302809126,0.466030942,0.250133539,0.76
4,76575,-5.622469419,3.480623179,-6.200676594,4.311233668,-5.226286324,-1.341763573,-5.220940942,2.682843537,-2.921484382,-6.561257411,3.211263878,-6.861660514,0.326461835,-7.755253664,0.504652193,-6.276616786,-10.6117147,-4.146773745,2.197287713,-0.156288523,0.949568986,-0.42898575,-0.3506755,0.197549504,0.15923423,-0.377790861,-0.213561786,0.459528918,219.8
5,21419,-17.46771001,10.11481572,-24.20214223,11.80546921,-10.19804581,-2.579938008,-17.656788,2.256902476,-6.242149309,-12.8306572,9.442665265,-13.5474859,0.960728558,-13.02871703,-0.426674499,-7.652661665,-11.48532779,-4.721369576,0.550519004,1.001518502,-2.328024416,0.940830319,1.296817061,-1.055103904,0.111792028,0.679694612,2.093540571,-1.425491454,1
6,64585,1.08043337,0.962830681,-0.278065478,2.743318063,0.412364076,-0.320778353,0.041289549,0.1761703,-0.966951551,-0.194120467,2.140056816,-0.276308753,-1.191305738,-1.880275403,0.398271956,1.367433022,1.5226617,1.026317483,-1.577070478,-0.172658645,-0.008996174,-0.057036144,-0.053691509,-0.026373277,0.400299731,0.072827771,0.027042934,0.063237573,0
7,406,-2.312226542,1.951992011,-1.609850732,3.997905588,-0.522187865,-1.426545319,-2.537387306,1.391657248,-2.770089277,-2.772272145,3.202033207,-2.899907388,-0.595221881,-4.289253782,0.38972412,-1.14074718,-2.830055675,-0.016822468,0.416955705,0.126910559,0.517232371,-0.035049369,-0.465211076,0.320198199,0.044519167,0.177839798,0.261145003,-0.143275875,0
8,148476,-1.12509161,3.682876144,-6.556167949,4.016730951,-0.425570578,-2.03120987,-2.650137222,1.131249354,-2.946889539,-4.8164008,2.155796085,-6.285124952,-1.125625388,-6.800098088,0.924933779,-5.239604388,-5.017907869,-1.349308859,2.868602895,0.452241311,1.185579782,1.348156129,-0.053685573,0.284121985,-1.174469182,-0.087832215,0.718789578,0.676215949,0.76
9,139767,0.46799194,1.100118116,-5.607145,2.204713526,-0.578538843,-0.174199761,-3.454201472,1.102822689,-1.065015515,-5.416036889,4.497928973,-5.019609888,-1.019691201,-7.914989007,0.669648023,-4.472014334,-5.85699776,-2.243177904,-0.173814024,0.589574722,0.983480729,0.899876106,-0.285103425,-1.929717104,0.319868526,0.170636428,0.851798306,0.372098282,120.54
10,32745,-2.17913506,0.020217918,-2.182732796,2.572046261,-3.663733112,0.081567933,0.268048731,0.660437429,-2.374027363,-3.58281002,1.975821062,-3.500542265,0.170681027,-2.735940374,1.670251104,-4.046292997,-5.079479085,-2.586857045,1.669260553,1.9579603,1.026421111,0.299613502,1.656800007,0.328432502,0.106456828,0.691774506,0.196778974,0.241085157,717.15
11,160665,-0.417339782,4.700055274,-7.521766828,7.671884451,0.260821238,-2.64669254,-2.854432162,0.958783103,-4.588535893,-6.120715087,4.548494584,-7.836252798,-0.242674771,-13.20250534,1.092441599,-3.040862552,-3.008958001,-0.159966954,0.788086296,0.832034789,0.622200356,-0.437708334,-0.09035829,-0.742802158,-0.312360714,0.502574976,0.821390287,0.372378817,0.77
12,26523,-18.4748679,11.58638052,-21.40291681,6.038515416,-14.45115814,-4.146523506,-14.85612367,12.43114047,-4.053353287,-9.040396249,5.966202507,-8.46396613,0.078692132,-9.092532652,0.010822097,-7.186375508,-13.7974745,-4.95849391,1.32116656,1.577924401,1.741135596,-1.251137949,-0.396219126,0.095705556,1.322750943,-0.217954565,1.628792531,0.482248275,99.99
13,148074,-2.219218602,0.727831411,-5.458229947,5.924849847,3.932463824,-3.085984237,-1.677869988,0.86507461,-3.177260289,-3.419207384,3.693173942,-3.978439755,-1.718590875,-8.636297394,-0.242964821,1.174884173,2.134606357,2.594364833,-1.25758898,0.964771804,0.417471746,-0.817343384,-0.028752402,0.025722511,-0.825835343,-0.01308903,0.413291189,-0.131387346,0
14,35585,-2.019000719,1.491269729,0.005221816,0.81725327,0.973252234,-0.639268313,-0.974072997,-3.146928891,-0.003159074,-0.121653218,0.024369606,-1.07381224,-2.002769109,-0.895433621,1.748936301,-0.103527024,2.03119575,0.317598357,0.386760637,-1.029964682,2.839596108,-1.185442841,-0.142811876,-0.086102938,-0.329113254,0.523601226,0.626282771,0.152439938,0.76
15,64093,-6.133986948,2.941499449,-5.593985568,3.258845223,-5.315512219,-0.637327763,-4.476488045,1.695993587,-1.606743151,-5.11725921,3.97722224,-8.066096093,-0.760887592,-8.660770959,2.22023799,-6.237596542,-11.04638166,-4.155879368,1.763610874,-0.815086316,0.868339851,0.793736498,0.217346587,-0.021985065,0.145881914,0.665087661,-1.684186049,0.310195463,294.9
16,8878,-2.661802175,5.856393215,-7.653616213,6.379741881,-0.060712119,-3.131549732,-3.103569746,1.778491569,-3.831153716,-7.191604246,7.102988588,-9.928699943,-0.067498378,-10.92418687,-1.697913977,-2.379420985,-2.775113897,0.273798971,-1.382187564,0.39909686,0.73477495,-0.435901182,-0.384765904,-0.286015664,1.007933824,0.413195532,0.280284157,0.303936551,1
17,165981,-5.766878735,-8.402153678,0.056543246,6.950982945,9.880564026,-5.773191769,-5.748879199,0.721742894,-1.076273579,2.688669933,-1.475145316,-0.050467984,0.113500475,0.984343616,0.363968739,-0.674356809,0.327463514,0.091469915,1.307940738,2.493223891,0.880395097,-0.130435548,2.241471414,0.665345537,-1.890041422,-0.120802764,0.073268559,0.583799418,0
18,53031,0.206075454,1.387359821,-1.045286987,4.228686194,-1.647549174,-0.180896946,-2.943677575,0.859155533,-1.181743007,-3.096503599,3.200912355,-2.450832429,0.316619879,-6.397170315,-2.129728365,-2.427373075,-4.448472252,-1.21222045,0.034655456,0.3514844,0.469199426,0.344930464,-0.203799378,0.376640378,0.71548549,0.226002881,0.628544616,0.319917988,0.76
19,97121,-17.97626605,12.86498856,-19.57506619,11.34511982,-13.9986456,-0.354899961,-23.78346988,-4.872353406,-8.504284794,-16.60119697,5.569258175,-13.93224875,-0.204854827,-7.581023247,-1.01361239,-9.014813281,-16.09203206,-6.050147663,1.661029359,2.41992113,-4.300431866,2.86577186,1.489302015,0.386039289,-0.232391836,0.413826703,-3.255980906,-0.538963227,8.64
20,154493,-7.381546986,-7.449015159,-4.696286524,3.72843915,6.198304347,-6.406266634,-5.83145156,1.457174919,-0.64620258,-4.02912872,2.528943021,-3.308721722,-1.992009689,-5.757216082,-0.877323474,-1.547551823,-1.909016786,0.50056747,0.136722438,2.932758126,1.176574848,-0.978692051,-0.278330343,-0.635873794,0.12353944,0.404729308,0.704914654,-1.229991682,35
21,166028,-0.956390355,2.36159361,-3.171194607,1.970758779,0.474761354,-1.902598204,-0.055177812,0.277831229,-1.745854165,-2.516628002,0.874051625,-2.513104329,0.021575082,-3.565118845,0.461153428,-2.015712746,-1.731413191,-0.465814727,0.527619756,0.190876903,0.473211086,0.719400298,0.122457848,-0.255649852,-0.619259299,-0.484279995,0.683534593,0.443299499,39.9
22,48884,-2.139050557,1.394367662,-0.612034895,1.049327056,-1.162101908,-0.768219363,-1.997237401,0.574996543,-0.980831776,-2.495619245,2.555589153,-3.53043627,-1.016233815,-3.455196577,-0.056363386,-2.46773703,-7.140325966,-1.271280022,-0.001721924,0.025426513,0.696954881,0.740003045,-0.155115249,-0.050607446,0.268368293,-0.469432841,-0.405813768,-0.152170847,19.73
23,87883,-1.360292634,-0.45806897,-0.700403918,2.737229172,-1.005105974,2.891399364,5.802537353,-1.933197352,-1.017717143,1.987861863,0.504116141,-0.863430853,-0.184450076,-1.016915535,-1.559410198,1.154312686,-2.043857668,-0.151698807,-0.943513535,-1.493401375,-0.936989532,-0.053811586,0.580105894,0.216927302,0.15164293,-0.332114569,-0.469800302,-1.495005897,829.41
24,93742,-3.291125093,4.401194152,-8.394211623,4.453579569,-4.790054518,-4.240182082,-9.219000996,1.974029957,-2.912942709,-13.54016824,9.41303954,-18.04759657,-0.728186554,-15.39304483,0.349485049,-13.30388758,-21.29790578,-7.262310795,2.27422551,1.490869142,2.102343468,0.597370315,-0.328086184,0.445752402,0.585280581,-0.399005422,2.116004442,1.050743804,1
25,35906,-3.519029545,4.140867176,-3.628202369,5.505672037,-4.057462506,-0.905945283,-6.652031121,2.634524165,-4.67940204,-6.546241815,3.53820204,-8.042285142,1.697509384,-8.051048902,1.070457396,-7.395956925,-14.32962616,-4.868010236,2.463843039,0.898723234,1.582555933,0.778710245,-0.135707278,-0.0042778,0.032706159,0.362014053,0.900925138,0.554897499,9.13
26,128803,-2.272472623,2.93522577,-4.871394115,2.419011986,-1.513021771,-0.480624709,-2.126136159,1.883507001,-1.297261684,-5.487424583,2.969240074,-3.055405131,-0.316543682,-7.862808526,-2.202800405,-1.932316475,-2.284748414,0.324787267,-0.183180904,-0.03108531,0.718504288,0.893850158,-0.031631724,0.322912638,-0.058406406,-0.411648851,0.573803016,0.176067285,175.9
27,97235,-17.53759168,12.35251867,-20.13461281,11.12277143,-14.57108014,-0.381622313,-23.92866103,-4.724921033,-8.603038097,-15.23183337,4.41705461,-12.89352021,-0.109628456,-3.547229894,-2.177823998,-10.40206833,-18.37201912,-8.314092312,2.435823486,1.925102596,-4.352213131,2.389040921,2.019127926,0.62719187,-1.085997212,-0.071803236,-3.838197904,-0.802564461,9.82
28,53658,-1.739340964,1.344520789,-0.534379047,3.195291499,-0.416196142,-1.261960668,-2.340990939,0.713003646,-1.416264999,-2.996669302,0.747478136,-4.596611512,-1.927759702,-4.757074499,-1.247814819,-2.535494251,-5.356464544,-1.974748525,-0.603726269,0.002749478,0.383180108,-0.213952218,-0.336639825,0.237076301,0.246002932,-0.044227636,0.510729075,0.220951594,0
29,70828,0.196706752,1.189757286,0.704882218,2.891387773,0.045555369,1.24573046,-1.1987142,-2.421616411,-1.232088646,0.324238886,-1.27393508,-0.868686295,-1.181944655,1.027584172,1.688132345,0.256215978,0.12060834,-0.052346017,0.329826632,0.646616407,-1.328131789,0.189310618,-0.005524184,-0.814707739,0.40092428,0.286281379,0.135214946,0.257314769,0.76
30,68207,-13.19267096,12.78597064,-9.906650021,3.320336883,-4.801175932,5.760058556,-18.75088916,-37.35344264,-0.391539744,-5.052502367,4.406805524,-4.610756477,-1.90948797,-9.072710934,-0.226074451,-6.211557482,-6.248145353,-3.149246695,0.051576119,-3.493049915,27.20283916,-8.887017141,5.303606904,-0.639434802,0.263203123,-0.10887693,1.269566355,0.939407363,1
31,154599,0.667713641,3.041502376,-5.845111956,5.967587038,0.213863333,-1.462922811,-2.688760584,0.677763512,-3.447595896,-4.707570806,4.905819865,-5.208373972,0.53249838,-10.5440114,-1.307418701,-2.133593488,-5.133081491,-1.062150781,-0.819371096,0.558424598,0.329760146,-0.941383472,-0.006074662,-0.958925352,0.239297865,-0.067355679,0.821047586,0.426175252,6.74
32,55760,-6.003421676,-3.930731396,-0.007045455,1.714669183,3.414666602,-2.329582623,-1.90151169,-2.746111091,0.887673208,-0.049232856,-0.153131027,-0.814309846,-1.894795586,-0.831482609,1.387288695,1.188906759,0.536817323,-0.051403214,-1.231385502,-4.128185829,1.101671317,-0.992493707,-0.698258928,0.139897674,-0.205150796,-0.472412263,1.775378057,-0.104284626,311.91
33,8415,-0.25147096,4.313523326,-6.891437717,6.796796681,0.616296505,-2.966326542,-2.436652527,0.489327899,-3.371638572,-6.810813099,7.620089058,-10.28528252,-0.342444334,-11.54349792,-1.334987903,-2.689284204,-3.204383403,0.086521896,-1.314495097,0.632709964,0.536892074,-0.546126024,-0.605239548,-0.26374346,1.539915831,0.523573697,0.891024688,0.572740667,1
34,94362,-26.45774465,16.4974719,-30.17731746,8.904156771,-17.89259969,-1.227903881,-31.19732855,-11.43892041,-9.462572605,-22.18708856,4.419996602,-10.59230501,-0.703795804,-3.926207316,-2.400246492,-6.80988994,-12.46231495,-5.501050784,-0.567939573,2.812241109,-8.755698321,3.460893345,0.896537504,0.254835537,-0.738096559,-0.966564234,-7.263482146,-1.324884307,1
35,166831,-2.027135422,-1.131890357,-1.135194254,1.086962637,-0.010547346,0.423796702,3.790880171,-1.155595098,-0.06343357,1.334414062,1.032015582,-0.722023082,-1.533239652,0.334119448,0.29747886,-0.429391896,-0.82464421,0.489667799,0.873344272,0.033804015,-0.31510456,0.5755197,0.490842009,0.756502366,-0.142685359,-0.602776609,0.508712459,-0.091645526,634.3
36,4462,-2.303349568,1.75924746,-0.359744743,2.330243051,-0.821628328,-0.075787571,0.562319782,-0.399146578,-0.238253368,-1.525411627,2.032912158,-6.560124295,0.022937323,-1.470101536,-0.698826069,-2.282193829,-4.781830856,-2.615664945,-1.334441067,-0.430021867,-0.294166318,-0.932391057,0.172726296,-0.087329538,-0.156114265,-0.542627889,0.039565989,-0.153028797,239.93
37,75581,-2.866363705,2.346949431,-4.053306688,3.98335888,-3.463185713,-1.280953016,-4.474763835,1.216655285,-2.309828698,-5.515507073,3.048392034,-7.128250768,0.005955801,-7.495187336,-0.251088022,-7.568014899,-12.22363285,-4.895175194,2.524967469,0.270013154,1.049731562,0.475840283,0.404480059,0.28202979,-0.506901096,-0.371741093,0.615256964,0.803162842,124.53
38,56887,-0.075483466,1.812354584,-2.56698081,4.127548607,-1.62853157,-0.805895446,-3.390134545,1.019353262,-2.451251252,-3.555834927,4.31571103,-5.479801677,-2.115503156,-5.588785577,0.280108069,-3.507230624,-7.457094938,-2.325491682,-0.440434553,0.338598141,0.794372452,0.270471232,-0.143624141,0.013565915,0.634203129,0.213693187,0.773625467,0.387434055,5
39,148053,1.261324237,2.726800289,-5.435018912,5.342759009,1.447043018,-1.442584085,-0.898701854,0.123061978,-2.748495905,-3.202436122,1.991360635,-3.986416216,0.577206842,-8.485794506,-0.794782275,-0.666134267,-1.372629384,-0.104312956,-1.466910553,0.313331635,0.209086136,-0.425937611,-0.154439526,-0.018819504,0.632233951,0.192921615,0.468180887,0.280486471,1.59
40,26556,-19.17982641,11.81792199,-21.91917358,6.086235634,-14.70884479,-4.308887607,-15.35795181,12.85716502,-3.99986077,-8.928655661,5.849293066,-8.261649837,0.153829148,-8.829359228,0.008878839,-7.070953009,-13.62972094,-4.958829816,1.272091364,1.572949615,1.746801542,-1.353148766,-0.762965073,0.117027852,1.297993756,-0.224825057,1.62105239,0.484614403,99.99
41,163181,-5.238807736,0.623013014,-5.784506592,1.678889307,-0.364431872,-0.477294698,-4.276131504,-0.695172912,-2.971644386,-5.529131231,1.779504503,-4.836159014,-1.208991875,-2.901189811,0.281878306,-5.53954432,-7.290960213,-4.897766036,-0.308608992,-0.203269802,-0.326139919,1.509238687,-0.215966267,-0.245726907,0.893041277,0.865758089,0.854657017,-0.964482422,39.98
42,41505,-16.52650657,8.584971796,-18.64985319,9.505593515,-13.79381853,-2.832404299,-16.7016943,7.517343904,-8.507058637,-14.11018444,5.29923635,-10.83400648,1.671120253,-9.373858584,0.360805642,-9.899246541,-19.23629237,-8.398551995,3.101735369,-1.514923435,1.190738695,-1.127670009,-2.35857877,0.673461329,-1.413699675,-0.462762361,-2.018575249,-1.04280417,364.19
43,118603,-6.677211625,5.529299201,-7.193274565,6.08132108,-1.636070971,0.500609583,-4.640770208,-4.339839696,-0.950036405,0.566679814,4.315075916,-4.9382836,-1.105709737,-8.490812622,1.003625746,-1.949123261,-3.09301269,0.124087075,0.886746966,-1.118686755,5.563300664,-1.608271961,0.965321596,0.163717979,0.047530871,0.466164783,0.278546743,1.471988117,105.89
44,161154,-3.387601029,3.977880741,-6.978585065,1.657765845,-1.100499733,-3.599486973,-3.68665071,1.942252225,-3.065089267,-7.509557474,2.989626407,-5.993632424,-0.164740078,-8.388442969,0.042128998,-4.137500501,-6.103903073,-1.972927803,0.434072537,-0.00430059,1.043587159,0.262188674,-0.479223921,-0.3266382,-0.15693859,0.113806571,0.35412426,0.287592125,0.38
45,94362,-26.45774465,16.4974719,-30.17731746,8.904156771,-17.89259969,-1.227903881,-31.19732855,-11.43892041,-9.462572605,-22.18708856,4.419996602,-10.59230501,-0.703795804,-3.926207316,-2.400246492,-6.80988994,-12.46231495,-5.501050784,-0.567939573,2.812241109,-8.755698321,3.460893345,0.896537504,0.254835537,-0.738096559,-0.966564234,-7.263482146,-1.324884307,1
46,65385,-2.923826664,1.524837164,-3.018758033,3.289291475,-5.755542374,2.218276303,-0.509995432,-3.569443569,-1.016591689,-4.320535776,1.277202265,-3.701749667,-0.971869594,-4.857776672,0.090605522,-2.80150199,-4.186807537,-1.648406094,1.176445598,-0.447039407,-0.511656805,-0.122724086,-4.288638999,0.563796658,-0.94945135,-0.204532177,1.510206487,-0.324706013,1354.25
47,66037,0.286302364,1.399344748,-1.682502709,3.86437704,-1.185373402,-0.341732014,-2.539380123,0.768378375,-1.547881628,-2.659717947,2.621588126,-3.462361885,-1.054300173,-4.955823304,-1.400274458,-2.339942917,-5.197794477,-1.342814498,0.288846911,0.270360155,0.352456414,-0.243677652,-0.194078547,-0.172201087,0.742237198,0.127789797,0.56973079,0.291205859,7.53
48,143438,-5.256433834,0.364541283,-5.412085016,2.400031491,0.697301199,-1.998755028,-5.835532442,-0.887739383,-2.828286641,-4.614507733,2.710696679,-3.158155698,1.083609148,-3.415151948,-1.053870032,-3.751030733,-9.261640987,-2.955165222,0.606570797,-0.40368491,-0.648259077,0.511284975,-1.110044523,0.178986971,0.220235348,-0.69980855,0.580486717,-0.17362987,8.9
49,62080,-1.599457402,2.607720029,-2.987192942,3.064156147,-2.497914317,-0.541102793,-2.277786228,1.268166108,-1.997331053,-3.834775088,1.113354093,-4.976921041,-0.795530935,-4.549556744,1.813763254,-3.177460496,-5.369348778,-1.121454157,2.030591938,0.22533293,0.66293304,0.184086858,-0.089451803,-0.505999935,-0.062258889,-0.052714413,0.322854005,0.135267637,180
50,81302,1.143534798,-0.173053683,0.896583057,0.392429272,-0.777252182,-0.135004427,-0.552477643,0.133736222,0.263460329,0.054576091,1.05842219,0.757966176,0.138198812,0.164405957,0.733653872,0.957179312,-0.941232141,0.616619129,0.03267524,0.002401792,0.043570242,0.039004889,-0.017147902,0.034635175,0.15362478,0.391497271,-0.016812875,0.018139858,36
51,144449,-0.283601715,0.669869917,-0.498009055,-0.769418789,1.171719031,-0.185507258,1.164706627,0.104005783,-0.173867537,-0.193806929,-0.513759795,-1.118036525,-3.050290342,1.033421789,-1.190904453,-0.095221329,-0.522533226,0.464131332,0.593414226,-0.082855614,0.027333622,0.07358785,-0.185417133,0.058009387,-0.153959816,0.307457532,0.309374339,0.216434229,33.35
52,134245,2.184404629,-0.941504785,-0.592320339,-0.969765223,-0.892433893,-0.427820865,-0.995121846,-0.171921696,-0.01846709,0.728268946,-1.139433843,-0.078388858,1.71673127,-0.770729695,0.484520684,1.518525153,-0.345162863,-0.887270915,0.524237288,0.109133867,0.375193081,1.174754317,0.022954166,-0.580499775,-0.071379672,-0.031025997,0.021290124,-0.046403117,25
53,163671,2.003938034,0.086111022,-1.761595214,1.194797344,0.589203338,-0.617495659,0.47475166,-0.194267868,0.112775095,0.453238483,0.207559847,0.376076578,-1.227435811,0.896681804,-1.08509842,-0.381456139,-0.467965057,0.082503763,0.221121004,-0.328980299,0.067379612,0.332941567,-0.056387837,-0.486304503,0.44729152,-0.47951736,-0.026111026,-0.077455313,13.37
54,40041,0.89864962,-0.122341925,1.408523496,2.694695553,-0.638891476,1.030022053,-0.638237867,0.469523717,0.026001776,0.53677311,0.73475744,0.805659143,-0.630410555,-0.183739884,-1.289344907,0.274682237,-0.138841228,-0.329244844,-0.69601639,-0.087092172,-0.08605909,-0.20910714,0.02595636,-0.004742676,0.176813437,-0.084202778,0.039676188,0.031132771,70
55,129785,1.979255479,0.09892794,-1.731084603,1.213891555,0.599090669,-0.639529656,0.531560753,-0.236200586,0.014207859,0.430328361,0.374917778,0.724691864,-0.626952634,0.78168291,-1.155970059,-0.429285942,-0.476954967,-0.013302012,0.187106564,-0.270858151,0.085362542,0.3904431,-0.064213399,-0.398475962,0.454727507,-0.487047382,-0.023997279,-0.073610857,23.81
56,33048,-1.385571216,-0.327717999,0.981691855,-2.343281968,0.78438991,-1.210759934,0.262233355,-0.25291288,-0.710732642,0.767313431,0.636791921,-0.315602763,-0.53394419,-0.514244162,-2.045982281,1.277366084,-0.509105722,-1.137063959,-0.361502307,-0.025091935,0.09310195,0.661918974,-0.538597634,0.057079433,0.283899365,-0.440804797,0.235868196,0.01128932,20
57,47277,-1.72568519,1.330884021,0.231741239,-3.044296165,-0.423447653,-1.185382634,0.390984545,0.415456222,1.197374218,-0.492921636,0.979859103,1.143909816,-0.032233547,0.308030799,0.150369961,0.077967979,-0.809868322,0.454535074,0.127195487,0.292435984,-0.062438059,0.244305236,-0.156654777,0.011421787,0.040981652,-0.337138394,0.091495356,-0.198818264,10
58,161378,2.030241605,-0.266030503,-1.171140873,0.569112926,-0.209434569,-0.962844531,0.05568036,-0.266930755,0.895927574,0.037997702,-1.126498067,0.178052169,-0.566536507,0.152623316,-0.570137833,-0.564151345,0.046834279,-0.588368917,0.057429679,-0.257429481,0.131825197,0.667190177,0.006649648,0.06663286,0.171643781,0.729414657,-0.069398647,-0.071909898,12.36
59,74195,0.459242362,-0.775249666,1.065484481,2.91053007,-1.011593193,0.245487186,-0.01882894,-0.009829438,-0.189999295,0.364069664,-0.738022034,0.565232884,1.168719342,-0.434308519,0.079472034,0.801453094,-0.640455397,0.040216228,-1.161516451,0.630284143,0.324392254,0.301957464,-0.374021336,0.395770433,0.305849388,0.069108385,-0.021263745,0.097004376,353.18
60,144312,1.612696268,-2.358811628,-1.969545831,-1.368369589,0.827989349,4.271822507,-1.561817467,1.028620396,0.647016809,0.434449011,-0.686958866,-0.148867026,-0.093148918,-0.838774608,-1.143659281,0.338128546,0.659957719,-1.369951465,0.656445555,0.538601957,0.57158108,1.350968795,-0.24176985,0.820554164,0.123735548,0.19960374,0.004678843,-0.016163085,270
61,72588,-0.130546739,0.499227354,0.293148986,-1.651382707,0.153332781,-1.197149286,0.549171321,-0.283603981,-1.324509387,-0.174709109,-0.672024969,-1.259683997,-0.081570421,-1.130732475,-0.02222031,1.490313356,0.627104925,-0.877114524,0.047921369,0.00995796,0.182418663,0.370547075,-0.231619093,-0.185620962,0.039391204,-0.341034879,-0.088681482,0.06392386,11
62,106897,1.868441776,0.513549317,0.41775103,3.968098205,-0.146590856,0.166478814,-0.476434147,0.008735547,0.740543184,1.030135188,-0.116083839,-2.65726501,1.828538466,1.391320057,-0.77202715,1.372587185,-0.295411439,-0.063317668,-1.982236209,-0.321330601,-0.291246671,-0.613618811,0.451557955,-0.166306983,-0.621020875,-0.401173751,-0.015008219,-0.030770382,5.15
63,61724,1.108224034,-0.152732471,1.284169233,1.235991896,-1.00802112,0.103814667,-0.72731231,0.292650453,0.776976787,-0.005083949,0.743117997,0.660812524,-1.008191201,0.02746799,-0.416786846,0.320068776,-0.444975529,0.551251129,0.085297076,-0.182919127,-0.02151372,0.059920476,-0.006010295,0.313660376,0.35257743,-0.423405282,0.062274088,0.026188446,9.99
64,144316,-1.228297606,0.871485765,-0.341099816,-0.286953782,1.359554262,-0.427784567,2.483040847,-0.322344992,-1.346752404,-0.556737283,0.404891661,-0.556554372,-2.102958583,1.236217455,-1.315543132,-0.39885378,-0.575441066,0.265712544,-0.604066582,-0.316202395,0.329473733,0.848301992,-0.740555395,0.720487946,1.675353856,-0.208122,-0.084910558,-0.044002481,185
65,43004,-1.174639346,0.500696527,2.578133199,1.206157159,-1.255077105,1.297373917,-0.320798269,0.873647366,0.161944564,-0.954098184,0.037530942,1.526372683,0.826228561,-0.673401657,-1.691851845,-0.369421156,0.213941254,0.705094474,1.365472407,0.236377074,0.165914525,0.585892054,-0.111790045,0.050920737,0.475405346,-0.125499961,7.50E-05,0.028007456,119.12
66,24200,-0.694818277,0.766110503,1.529080209,-0.446891529,0.491764901,-0.070347295,0.16790008,0.001776915,1.063485003,-0.637163711,1.352541554,-2.131915962,1.757562888,1.456547554,-0.809050893,0.969195435,-0.552076211,0.971426943,-0.440106884,-0.222056753,-0.056686846,-0.042357668,-0.307247032,-0.536136015,-0.016955598,0.166437344,-0.275860501,-0.007940216,4.39
67,45900,-0.422637717,1.04041301,1.387156743,0.098515211,0.013503336,-0.705434444,0.629539823,0.064979965,-0.36495298,-0.549295326,0.236071421,-0.090299926,-0.339544511,-0.304498977,1.1644938,0.013902165,0.426842055,-0.644590932,-0.571060947,0.061594071,-0.215079532,-0.546939888,0.074501243,0.337770059,-0.287143555,0.082476348,0.257785448,0.097942968,8.92
68,160948,2.217768307,-1.30814798,-0.617341098,-1.440578532,-1.560695509,-1.094494396,-1.044605178,-0.226287404,-1.591630962,1.739031821,1.269782709,0.29988623,0.594442347,-0.233298554,-1.00782341,-0.619201467,0.459248991,0.107196282,-0.058905868,-0.430533615,-0.075529745,0.29450124,0.282419612,0.542557527,-0.260539252,-0.216595582,0.008373354,-0.054944412,15
69,75378,-1.562223785,1.126200885,1.184041846,1.497841423,1.100707069,-0.649076039,0.696515899,0.408697594,-1.890933409,-0.299211282,-0.668100886,-0.121537143,-0.024978858,0.734291158,-0.145826291,0.304578734,-0.237992692,-0.812352587,-1.751624894,-0.113354349,0.160459455,0.030987741,-0.348085,0.082377234,0.684678662,0.008997269,-0.120328211,-0.109301348,4.59
70,52111,1.179550188,0.104032269,0.073906161,1.096275083,-0.073955798,-0.359880734,0.105130459,-0.112702688,0.146701606,0.046648546,-1.242157333,-0.350326456,-0.277331281,0.359971073,1.09661147,0.476218786,-0.766985727,0.267377356,-0.172317673,-0.030874003,0.007110957,-0.082420919,-0.221623648,-0.470401176,0.684764046,-0.281092072,0.00738493,0.024483911,60
71,35301,-0.039753433,0.242257637,0.479619381,-1.152418002,0.934420824,0.033268665,0.466355948,-0.249983256,-1.5601759,0.150301615,-0.773147352,-1.049986639,1.076112556,-1.379130191,1.147084341,0.997935162,0.900650913,-1.34674198,1.614265003,0.448706081,-0.290318268,-0.807946109,0.028120459,-1.425774445,-0.615079834,-0.56390839,0.006787927,-0.050672329,27.8
72,53838,1.088245292,0.550038383,0.647517257,2.73612383,-0.372427896,-0.278883981,-0.358477367,0.215850776,-0.242354824,0.133690046,-0.004930728,-1.201643343,-1.936203619,-0.853991573,1.343728986,1.081239409,0.783653949,0.335117505,-1.872385179,-0.267000018,0.057949304,0.107346545,0.04028669,0.238283848,0.220531538,0.074767894,0.034413026,0.055874997,3
73,75825,1.012671512,0.116840463,0.470676179,1.2943781,0.364922634,1.200692692,-0.157411234,0.396090089,0.178674345,-0.283708964,0.580014841,1.197254261,0.263400714,0.074894276,0.662111192,-1.817464551,1.279179539,-2.644706958,-1.684768429,-0.288864656,0.013154028,0.431855378,0.076185739,-0.614623737,0.397261886,-0.234467458,0.100056828,0.007685669,1
74,24253,-2.486826138,2.070715112,-1.28083105,0.735256467,0.130700111,-0.637790023,1.140293213,-0.195872821,2.330339965,2.347083401,-0.002629845,-2.350360142,2.576256926,1.133468026,0.140326316,-0.46469201,0.135181935,0.180491892,0.297012031,0.767307569,-0.511684883,0.221630309,-0.29395403,-0.486545442,-0.326321025,-0.51227119,-0.030302844,-0.455463554,89.99
75,126169,-9.955002356,-1.773611536,-6.259195545,0.485324253,-5.48107537,1.725926816,-2.48618376,4.674142154,-1.8125214,-1.59564321,-1.122864095,2.183710785,1.116187148,3.520725571,0.652619924,-0.100985822,2.018573024,1.550247211,-1.333633429,-2.794320539,0.345213757,0.467607776,-2.007497879,-1.355960423,-0.743402787,-0.118933988,-1.7887271,-1.617357819,192.1
76,160256,2.022924053,-0.404795505,-0.993865029,0.231907981,-0.272694404,-0.618453217,-0.228799428,-0.158806421,0.989540609,0.048170494,-1.469782454,-0.110940756,-0.270665928,0.107784408,0.402311232,0.338311978,-0.598043158,-0.123802543,0.146610755,-0.154576662,-0.033307097,-0.008128989,0.123157201,-0.552520103,-0.206001231,0.592286531,-0.0659375,-0.05896673,34.49
77,12138,-1.054684335,0.898378141,0.634413006,-1.127765354,0.439557444,0.47214804,0.162587015,0.470507136,1.597335068,-1.404634676,-1.095372337,-2.199223184,2.319413936,1.138672834,-1.540669746,0.009978861,0.494990348,-0.398371005,-0.312207321,-0.110819216,-0.200013393,-0.148230331,-0.228717248,-1.289677712,-0.033512721,0.965510045,0.02310127,0.085731046,29.4
78,36796,1.25579294,0.342667709,0.302727675,0.695186711,-0.385834787,-1.076981803,0.076560047,-0.195137607,0.055830093,-0.278226574,-0.092261745,0.15295678,0.071564277,-0.256731678,1.11089365,0.485739495,0.003623093,-0.280274442,-0.197497374,-0.090256454,-0.289250234,-0.842629104,0.131057163,0.341153782,0.210777581,0.094899455,-0.024118344,0.03052703,1.98
79,88843,-2.279953989,1.832957974,-0.702544456,-2.57258998,2.904158069,3.727724971,0.734302947,-0.086058991,3.008961368,2.775040827,0.876121967,-0.523643236,-0.42811828,-3.099794735,1.174089777,-0.122960252,-0.383922773,-0.041434316,-0.648393299,1.276980132,-0.714973107,-0.728690037,-0.058473083,0.528099707,0.01136575,-0.472706336,-1.053322351,-1.07815717,0.68
80,48726,1.131765024,0.535323856,-0.319670756,1.465607374,0.22457525,-0.452550357,0.173646593,0.066504015,-0.176199518,-0.480572255,1.796898135,0.485723201,-1.066424011,-0.90616852,-0.240962713,-0.008146004,1.212139628,0.297356903,-0.498094278,-0.200538078,-0.035631218,0.042608721,-0.11863177,0.089424547,0.686689705,-0.257630335,0.036429323,0.033885846,1
81,123782,2.10469383,-1.037934494,-0.571885125,-0.9828786,-0.892452554,-0.04804788,-1.130084436,0.092114918,-0.170886238,0.88570462,0.964312313,0.304915945,0.345811527,-0.335672847,-0.4616226,1.29681287,-0.083395341,-0.74293208,0.658771976,0.029980633,0.383365064,1.121008195,0.160039622,0.747376256,-0.176120103,-0.139513529,0.004864471,-0.049477929,19.99
82,76400,-0.146056962,-0.176379421,2.314136864,-1.339283098,-0.790836993,0.202423394,-0.307702971,-0.000506115,-0.873518733,0.409948399,0.864710469,0.004749426,0.685515174,-0.9631994,-0.565109712,1.263274993,-0.176966063,-0.342207304,1.036473785,0.288800713,0.378594401,1.279256144,-0.321448856,0.058018202,0.005851545,-0.114842453,-0.066474518,-0.169125266,21.1
83,147825,2.099166757,-0.180201649,-2.011769955,0.349804116,0.367530408,-1.035998117,0.418066638,-0.301508132,0.969476861,-0.004456353,-1.941765233,-0.953114082,-2.234570077,0.87451265,-0.019864086,-0.487500722,-0.233502558,-0.124744125,0.526315779,-0.355458464,-0.068668219,-0.085113861,-0.04755042,-0.747129812,0.383239671,-0.170465196,-0.05411814,-0.076158524,19.98
84,138789,2.098301341,-0.851582324,-2.084404918,-1.37593357,0.819965015,1.062151884,-0.449194264,0.189856191,-0.920629949,0.870323539,1.092187206,0.320048361,0.491732346,0.244119935,0.00743619,0.141637482,0.608425274,-2.263413808,0.138820652,-0.025258886,0.373798257,1.141720122,0.028305202,-0.884582698,0.10905722,0.055331011,-0.011672962,-0.087758152,28
85,154726,2.074853922,-0.107178678,-1.394510426,0.062721556,-0.087340806,-1.369574125,0.201471336,-0.354674464,0.92254451,-0.160758096,-0.755417045,0.020008456,-0.666467666,0.660828714,1.002180685,-0.405230107,-0.380805629,0.01571695,-0.14156666,-0.302699627,0.251473819,0.890159063,-0.006058834,-0.026098794,0.297514457,-0.345548369,-0.001427235,-0.058730384,1
86,60953,1.238016688,0.232523295,0.008158131,0.22917446,-0.379991128,-1.692338056,0.55841657,-0.504374505,-0.360488464,-0.127261702,0.434176383,0.947592251,1.075926818,0.287731882,0.596410282,-0.299083574,-0.029317271,-1.002223952,-0.09750065,0.029191538,0.015148904,0.066349637,-0.055516242,1.032915491,0.509040134,1.031187143,-0.110025458,0.003066836,31.95
87,70706,1.103832013,-1.583354259,0.62826611,-1.582230551,-1.026649927,1.597478408,-1.555794179,0.564800054,-1.934129863,1.354827464,2.198338874,0.337607578,0.78100592,-0.228981438,1.203189711,-1.223098899,1.309015359,-1.164711676,-1.731715224,-0.248613385,0.166395786,0.830783891,0.034994904,-1.000205036,-0.023930017,-0.002709932,0.105473125,0.018061597,98
88,139693,-1.848933003,1.862031595,1.706157447,4.525717508,0.011265519,1.488098519,0.055430457,-2.513314936,-0.952037021,2.14338953,-1.381041804,-0.426291684,0.086233655,-0.587004379,-0.510014173,-0.796226685,0.702245781,-0.03655821,1.530277996,-0.333575109,2.140667531,-0.148180073,-0.053028249,0.068915925,0.725083242,0.727052217,0.446578609,-0.035479908,84.91
89,119323,1.926986272,-0.457554864,-0.795660565,0.263444303,-0.255234643,0.471670722,-0.999504627,0.36831665,1.208382192,-0.310569194,0.461593842,0.06561158,-0.806577981,-1.139108888,0.40206902,1.415735393,-0.116274581,1.302038482,-0.027952038,-0.11604264,-0.04137605,-0.110721489,0.250828012,-0.079548812,-0.557480919,0.339877585,-0.007895377,-0.019257548,28.85
90,32761,1.172714659,-0.488542899,1.068679626,0.750001486,-1.546220893,-0.878080492,-0.632808079,-0.088457621,-0.714712727,0.836887764,-0.312274175,-0.319418322,-0.370539274,0.142685908,1.11013251,-1.16456555,-0.122374172,1.459457001,-1.598691479,-0.489457622,-0.18733339,-0.177844218,0.044592886,0.856447065,0.275217457,-0.335021017,0.05630899,0.050152611,58
91,80835,1.133139232,-0.387600037,1.250092907,0.278185504,-1.14324625,-0.09099676,-0.689190256,0.149074364,1.122045669,-0.51062148,-0.217375347,0.967869978,0.273085085,-0.580605813,-0.114984331,-0.524459743,0.520287403,-1.239107596,-0.020100151,-0.082786196,-0.176638646,-0.211059099,0.140103561,0.497629681,0.030364212,0.949703262,-0.015593786,0.016242016,14.99
92,74668,-2.119996432,0.994450589,0.951875613,-2.742565136,-0.248103234,-0.855080515,0.834286727,0.405093453,0.500076406,-1.427957148,1.609489564,1.422506944,-0.189805889,0.543630008,-0.026112279,-0.081421953,-0.565437837,-0.262054968,-1.057534781,-0.286291311,-0.089022109,-0.136397961,-0.027606342,0.18558506,0.776400489,-1.056618509,0.072871693,0.099847937,63.53
93,145419,1.73280119,-0.547194726,-0.263204221,1.315622136,-0.753534088,-0.20248404,-0.556197031,0.148778734,0.818048431,0.382001047,0.684241768,0.323739422,-1.217922364,0.477374014,0.264092995,0.642619133,-0.879027478,0.893935496,-0.595846672,-0.15247822,0.325768303,0.810859685,0.081648984,-0.027336209,-0.219386631,-0.586301098,0.032012215,-0.027259614,92.58
94,80958,1.052082222,-0.034063644,-0.376048505,1.15536668,0.115290029,-0.532009171,0.510573194,-0.235591115,-0.081404107,0.031819529,-1.226066335,-0.350051402,-0.354296522,0.548327014,0.868963251,0.245181718,-0.645306267,0.047263224,-0.059813863,0.116727007,-0.0101238,-0.312888785,-0.307369017,-0.467415533,0.767622176,-0.302502157,-0.027553879,0.03055787,138
95,37552,1.272205517,0.091074221,-0.092694787,0.017249375,-0.208324821,-1.10759396,0.331962958,-0.28810901,-0.01232742,-0.141515041,-0.508626584,0.032208511,-0.134003404,0.454433735,0.905791408,0.236108003,-0.318983463,-0.859441498,0.408024574,-0.020742745,-0.45343798,-1.431614465,0.143079613,0.040998216,0.13060839,0.642123536,-0.108222339,0.004478618,34.95
96,57033,-0.8202044,0.692452905,1.425620533,-0.865833053,0.552386488,-1.232133149,1.398546061,-0.528810758,-0.425882719,-0.564459557,-0.3718199,-0.003630035,0.229572094,-0.066530289,0.163657388,0.081551598,-0.670716624,-0.521393613,-0.608091156,-0.069368369,-0.03630668,0.041374491,-0.125053679,0.437028086,0.272882693,0.407803613,-0.280412529,-0.166498395,27.83
97,126951,-0.167690691,-3.980152347,-2.142283919,0.743355797,-0.492609055,2.177803218,0.642302907,0.334987509,0.805490283,-0.518958442,0.721973499,1.014611535,-0.2490736,0.422474425,0.171039479,-0.216743811,0.117762647,-1.166190828,-0.586742206,1.902274474,0.291048207,-1.403347997,-0.430215822,-0.92307973,-1.16878743,0.114164625,-0.20706819,0.117209228,1073.62
98,121379,1.828981691,-1.251853375,-0.653429198,-0.733918815,-1.090896356,-0.121467529,-0.997891794,0.328181303,2.008345127,-0.222898686,0.318277956,-0.625156276,-3.366932845,0.640659541,0.433103041,0.355696411,-0.347043533,0.856898451,0.433271423,-0.190559184,0.219622136,0.476135571,0.162054163,0.697192098,-0.470256321,0.688856788,-0.07321202,-0.048836343,90
99,143687,-0.687821949,0.160733297,-0.218438808,-0.653267722,-0.502265039,1.117988241,0.670258149,0.132238051,-0.916873916,0.710932714,-0.939354777,-0.205088515,0.140443578,-0.061449173,-0.765011624,-0.66691737,-1.125846369,2.317942516,-0.677611492,-1.001882338,-0.368914093,-0.201260154,0.078025301,-1.516360235,-0.257227918,-0.714831374,-0.331390104,-0.372512115,190
100,38701,-0.581173765,0.678860152,1.435182012,0.138875289,0.439327271,-0.445440443,0.869893975,-0.025671595,-0.564441648,-0.717932011,-0.201454272,0.558610612,0.878755695,0.015562041,0.566041661,0.018709095,-0.497037513,-0.631106028,-1.300028105,0.012862858,0.09585958,0.16426222,-0.000803097,0.05868135,0.184816853,-0.561740159,0.016150626,0.017135326,54.99
101,160288,1.9736417,-0.310833868,-0.214181553,0.588338877,-0.715097215,-0.625511548,-0.500243555,-0.053229293,1.054292992,0.026796745,-0.778695201,0.406484712,0.074997201,-0.073280888,0.560157038,0.367351313,-0.489091069,-0.44041533,-0.240220148,-0.210690371,-0.198140317,-0.449558319,0.414471633,-0.035911423,-0.591333424,-0.018846191,-0.009474698,-0.038340055,9.99
102,71409,1.094590087,-0.213719813,-0.36100556,0.195626527,-0.37334492,-1.390449948,0.543214433,-0.386914009,-0.053450656,-0.115312887,-0.358515879,-0.214693714,-0.674449401,0.646862496,0.852031116,-0.043684486,-0.114316293,-0.580431989,0.086311912,0.117301283,0.015010075,-0.234290161,-0.180373249,0.467103673,0.483351062,1.059893045,-0.140561047,0.010001687,125
103,68658,-1.289014144,0.769626747,1.272196601,0.897218059,0.310030071,-0.140100502,1.42479607,-0.311523659,-1.00353572,-0.269938565,0.027308079,0.526843054,1.228575565,0.094189704,1.199502855,-0.752126573,0.103221457,-0.65852811,0.287362224,-0.161488647,0.00840254,0.344389764,-0.086663171,0.123430831,0.580168358,-0.203789167,-0.02353979,0.017433015,138.12
104,166379,1.676295658,-0.94487904,0.255439219,0.529248871,-0.753472222,1.247055051,-1.293408279,0.553357683,1.554308969,-0.154581982,-0.27189029,0.498242031,-0.002119738,-0.315822929,1.7469726,-0.136764887,0.162405823,-1.017107095,-1.75425481,-0.16714475,0.346773616,1.14660024,0.277050391,-0.931310659,-0.774253283,0.418157004,0.066046264,-0.029796316,74.9
105,114937,-0.054297628,-0.083610262,0.24261048,-1.98751311,0.490910311,-0.067100511,0.948911288,-0.404838174,-1.6631174,0.478419915,0.208221623,-0.388248075,1.019584371,-0.275732676,-0.447993964,1.077464897,-0.535800729,-0.297160613,1.464881332,0.476015919,0.528000925,1.521047517,-0.360339105,-0.955492977,0.161147019,0.127420466,-0.069069388,-0.090137982,96.55
106,125615,2.050844199,0.263304091,-2.047667767,1.122630192,0.83540196,-0.936170058,0.725309556,-0.37257059,-0.052279394,0.373728565,-0.959313752,-0.273149335,-0.779448174,0.938095815,0.360604337,-0.372005495,-0.412250113,-0.344602653,-0.395712212,-0.271972259,0.114127339,0.344977754,0.007980539,0.583051362,0.465078086,-0.506759858,-0.041505468,-0.05701077,20
107,140338,-1.144056066,-1.288946268,-1.603615643,0.677842214,0.879706938,-1.863873232,0.495051784,0.137119057,0.125784358,-0.541672098,-1.433743387,-0.477715267,-1.428990798,1.359271691,0.576312246,-0.866343798,0.183828313,0.289043984,0.766883442,0.49700767,0.640335112,1.012213754,0.612767654,-0.109282498,-1.659764609,-0.711245168,0.244569748,0.054333388,186
108,152300,-0.361055181,-0.187275335,-0.119839407,-2.267081144,0.899368291,-0.880576653,0.748989018,-0.159076277,-1.575195804,0.040177933,0.564892875,-0.171189056,-0.314300262,0.116957534,-2.175784386,0.679314467,-0.00345112,-1.232370744,0.490350191,0.111120847,0.381961779,0.894784969,-0.125074981,0.801823869,-0.030771666,-0.279954208,0.083705023,0.1665138,39.9
109,126828,1.004201008,-2.454510244,-3.197234518,-0.089779117,-0.264626857,-0.910472564,1.216984376,-0.584548188,-1.378620551,0.935700772,0.570841556,0.020907992,-0.785729248,1.184265597,-0.876976911,-1.956519777,-0.000905943,1.347202203,-0.574794542,0.625137466,0.315794365,0.011551461,-0.607506517,0.846388813,0.228134271,0.899421559,-0.254904512,0.01305911,638.42
110,156856,0.115046809,0.313688723,1.439935495,0.826616556,0.098203505,0.870659799,-0.111953958,0.061077751,0.387753021,0.200365083,-1.748768831,-1.38040535,-1.114011889,-0.128947733,1.925418588,-0.57993956,0.215675258,0.939423627,2.818807077,0.328555281,0.119406486,0.662165148,-0.290532322,0.085129608,-0.441587453,1.013924995,-0.006977812,-0.071799671,11.5
111,40685,-0.901623849,0.956105591,1.166941371,0.537219548,-0.659588752,0.266914337,-0.273391495,0.567561324,-1.689244852,0.86876187,0.937705604,0.903252047,0.318764424,0.267648699,-0.704322331,-2.506498406,0.852197096,1.081412934,0.177033934,-0.413140713,-0.256522397,-0.141540526,-0.000579814,0.196987018,-0.250541066,-0.275036374,0.058232955,0.132995787,0.02
112,124648,2.036357703,0.608725609,-2.27608358,1.513401567,0.904556933,-1.487284901,0.934230257,-0.550988873,-0.160454986,-0.216637719,-0.398840581,0.4657067,0.521421762,-0.721116488,-0.343174829,-0.41677081,0.741568389,-0.165896547,-0.48593736,-0.207755133,0.094577905,0.534869118,-0.110214929,-0.074309847,0.624066271,-0.385854648,-0.007664873,-0.03837014,9.99
113,75640,-1.678545284,-1.889902603,0.364544041,-0.688968168,-1.703923267,-0.397533501,2.441508488,-0.42979967,-1.917356767,-0.307119156,-0.682691188,-0.624543711,0.312491964,0.239523819,0.541986819,-1.468018501,0.037053547,1.179690429,-0.623169405,1.13730671,0.073099563,-0.634989051,1.500000405,0.322922832,0.067132679,0.942199583,-0.221155453,0.157977472,653.7
114,22160,-0.671092222,0.483276451,2.711137309,-1.70512823,-0.31755443,-0.65741506,0.464522428,-0.28494769,2.453076474,-2.061330648,0.510130921,-1.784401839,2.196760365,0.777163314,-0.112716767,-0.43269801,0.217004013,0.434190726,-0.165109178,-0.012885599,-0.147638183,0.15342514,-0.374397916,0.358282251,0.490129571,-0.84480273,-0.079483097,-0.150083073,11.85
115,111174,-0.620437605,0.935997693,0.876869243,-1.130495544,0.953701778,0.441925712,0.74070766,-0.342440162,2.69027343,-0.14990044,1.64139091,-3.082479131,0.242321405,-0.424439058,-0.599347887,0.718682816,0.37198041,1.34794872,-0.123648558,0.394508686,-0.644775969,-0.912914086,-0.127600631,-0.211216449,-0.151887221,-0.383638648,-0.162550204,-0.448094463,19.99
116,33879,-0.945708027,0.73697643,1.606735407,0.694755788,0.201056206,1.678224094,-0.188860043,0.722038356,0.601110052,-0.481237007,-0.660931275,1.0200546,-0.212940096,-0.679855247,-2.522437469,-0.699746057,0.171791842,-0.307582495,1.078966964,-0.194090893,-0.343231295,-0.615459624,-0.175711368,-1.162726531,0.066982826,-0.54558617,-0.419127056,-0.24056163,5.37
117,71126,-1.196672041,1.446839932,2.305700351,2.771611745,-0.8086584,0.995767948,-0.616332726,0.979612422,-0.73914792,0.870946341,0.162111413,-0.148710127,-1.052850261,0.21869426,-0.071767194,0.313770471,0.105652959,0.93742618,1.365372842,0.254258202,-0.042710736,0.005383179,-0.200619987,-0.014922068,0.103987512,0.27185514,0.350573563,0.133267893,9.49
118,57580,1.191556874,0.278685299,0.404129009,0.724567685,-0.390672952,-0.802455194,-0.021741094,-0.055307259,0.087953356,-0.3110631,0.354582704,0.14169675,-0.388534508,-0.132883724,1.380930856,0.116239372,0.422118397,-0.788557292,-0.675551146,-0.159321094,-0.245301105,-0.699126014,0.206350409,0.345286663,0.081970299,0.105823316,-0.009507215,0.029402249,0.89
119,112985,1.969750624,-0.019612924,-1.697536115,0.473986349,-0.006039927,-1.289161434,0.081196398,-0.161654633,0.585442416,-0.261001762,1.13724575,-0.138433517,-1.835540343,-0.17698209,0.383160988,0.455575318,0.279417634,1.181260351,-0.172543154,-0.270790068,0.24500843,0.719016749,-0.017313428,-0.032766979,0.145049878,-0.122919882,-0.020990212,-0.040756208,22.5
120,126030,1.800042422,-1.066904392,-0.665188545,-1.452101304,-1.072294529,-0.929557467,-0.493666368,-0.122731958,1.8089935,-0.80045659,1.28488698,1.708554079,0.609166469,0.135121218,0.795239943,-0.114695468,-0.676879132,0.741067197,0.666396148,0.084636574,0.346440352,0.989511221,0.014197478,0.147575246,-0.181815271,-0.192889633,0.009792498,-0.031448521,118
121,77619,0.975653854,-0.214144879,0.11819229,0.578377299,-0.348110615,-0.654699801,0.305563473,-0.106887536,0.010424633,-0.15898037,-0.074984898,-0.009274491,-0.703852564,0.621912331,1.289789542,-0.019533562,-0.002410644,-1.222130683,-0.294724725,0.082918128,-0.40489718,-1.531892739,0.189875511,0.031564302,-0.074351139,-0.005358048,-0.064803376,0.034573307,134.9
122,21426,0.882280551,-0.101854556,0.105034978,0.561843458,0.620683267,1.548587285,-0.352895513,0.475342077,1.092080933,-0.708560178,3.201136421,-1.453940741,1.516413346,1.516806938,0.809453025,-0.500645036,1.57847814,-1.317127671,-1.565650046,-0.076270022,-0.237954699,-0.536438281,0.140996007,-1.448521809,-0.149320152,0.178788198,-0.001019425,0.010938038,89.99
123,44427,-0.769220215,-0.806436219,2.0382059,-1.755201639,-0.492108276,-0.239687722,0.025207225,-0.057029593,-1.074083062,0.249258017,0.935364741,-0.342688774,0.34246861,-0.620056984,-0.191172426,1.839501552,-0.683434158,-0.137953227,0.088343444,0.532582762,0.566354832,1.343289703,0.018793085,0.030052095,-0.073781269,-0.261506818,-0.092526028,-0.087074593,129
124,42786,1.04691907,-0.264687544,0.852515608,0.360250023,-0.564718835,0.357024902,-0.551136167,0.229443674,0.161813291,-0.020756035,1.390946739,1.177253752,0.745228871,0.075382564,0.920352312,0.637639586,-0.695726451,0.095251577,-0.340734681,0.066830303,0.09549731,0.190740594,-0.01888884,-0.252783452,0.090992096,0.415826387,-0.001488801,0.020945841,63.72
125,149155,1.919833486,-0.145123374,-1.824053878,0.323747415,0.208760075,-0.707401209,0.009565758,-0.060518974,0.897085592,-0.729575293,0.822192562,0.461670278,-0.919960867,-1.25371113,-0.653798054,0.31783376,0.898709021,0.710670513,0.46252488,-0.133349985,-0.207858422,-0.482202072,0.103839901,-0.612518595,-0.096031666,-0.079849045,-0.018366954,-0.027601425,48.94
126,51973,-1.056799449,-0.623278463,0.454942609,-1.890391815,1.840931131,3.852014795,-0.25073997,1.048715693,0.672337226,-1.024280158,-0.786700833,0.09313826,-0.217502619,-0.619981751,-0.757040056,0.489566896,-0.684016728,-0.108629186,0.138689577,0.018467971,-0.221337315,-0.644232859,0.181080535,1.057274043,0.145647632,0.797083017,-0.13957172,0.01909531,120.34
127,160788,1.843589863,-0.129793161,-1.404843082,1.116750568,0.320079143,-0.398834652,0.247505688,-0.137694656,-0.029719643,0.46304489,0.889972672,0.787750422,-0.113509844,0.722134361,-0.114300148,0.190970445,-0.875637383,0.541612731,-0.351392381,-0.073379223,0.352506242,0.894286395,-0.048212283,0.772616645,0.27154838,-0.490561546,-0.021626782,-0.040713358,83.37
128,75211,1.516908919,-1.164092233,0.59055843,-1.417146357,-1.673504365,-0.540389435,-1.298431725,-0.073602218,-1.458377308,1.444273718,-1.077261946,-1.435829734,-0.011436851,-0.389092322,0.952269277,0.028383996,0.232448741,0.554891593,-0.252185169,-0.330734905,-0.096070505,0.089258712,-0.061448618,-0.141103208,0.380426786,-0.070798986,0.04524106,0.022163896,20.6
129,149181,1.524500125,-1.709284198,-1.686474411,-0.206652377,-0.720412353,-0.381104704,-0.070424913,-0.164827349,-0.453964431,0.833657734,0.506174133,0.172187728,-0.68143739,0.657098434,-0.151883088,-1.499648972,-0.370783688,2.05056888,-0.779328433,-0.030908475,0.176869544,0.35721527,-0.20960105,0.762657506,0.054257756,-0.104987689,-0.061358152,-0.003716505,320
130,75076,0.435750257,1.844877613,-2.183034685,1.740982753,0.596831937,-1.953327786,0.555566029,0.181144573,-0.416622643,-1.396760509,0.456073714,-0.833647542,-0.776838807,-3.077908086,1.117772027,0.992538702,3.029589475,1.636442915,-0.412679496,-0.034747005,-0.106961483,-0.235008161,0.155559888,0.014302891,-0.456300162,-0.396664259,0.126728281,-0.053992318,6.99
131,70245,-0.763967372,0.578756826,0.57563335,0.138871985,1.438421056,0.622280021,-0.005039139,0.331285538,-0.458687202,0.07055494,0.113252003,-0.274205564,-0.295155103,-0.101366488,1.202629779,0.41674864,-0.201531915,0.676469572,1.507531857,0.139974971,-0.271436095,-0.682547384,-0.240857974,-1.750654381,-0.464892228,0.29714793,0.308398408,0.160170647,3.58
132,137927,-3.768270359,-0.210268888,-1.307354403,1.270738293,1.375193233,-0.383272575,0.224104927,-2.875986013,0.459635657,1.680144073,0.349597862,0.16325534,-1.291419733,0.567044064,-0.539896137,-0.618612509,-0.075653026,0.168247189,1.304690919,-2.073709817,1.753600121,-0.2343508,-0.810964825,-0.302276905,0.087519958,-0.319714013,0.832108025,0.976481285,235.84
133,128005,-0.197135971,0.32994826,-0.459943402,1.080149972,0.570120453,1.451054112,-0.206281456,0.844131652,-0.251853174,-0.185872532,0.786422229,0.899705533,-0.367724659,0.875786898,0.759716334,-2.290903904,1.538113181,-0.588148045,2.043923469,0.070972978,0.484296374,1.606881501,0.143989945,-1.306180926,-1.348876826,0.191892692,0.267297947,0.159475727,49.51
134,60115,-1.878950792,2.081259757,-0.237299565,0.222232476,-2.130379729,0.850207447,-0.574794408,-5.054176044,-1.104973221,-1.938832569,-0.547563884,0.288041813,-0.543519196,0.723199833,0.7805665,0.997422464,0.414689038,0.043589093,-0.445181713,1.101030256,-2.819022527,0.093258903,0.563394538,0.304423264,-0.261302096,0.052382944,0.249890644,-0.001242647,319.99
135,146237,0.80553946,0.628408333,-2.481305266,-0.176979583,0.841447918,-0.774148444,0.984896001,-2.146519492,-0.217336502,0.133710107,0.318754086,0.530839254,-0.930665107,1.37712587,-0.982339952,-0.797551563,-0.356218324,0.179180184,0.373815253,-0.605578606,1.988898476,0.967783182,-0.35987793,-0.391906027,-0.159512244,-0.029944477,0.446223979,0.381844829,127
136,117359,1.73510861,0.313062989,-0.258963106,3.694017076,0.286407342,0.441618971,0.052336844,0.069253208,-1.079720897,1.467595891,0.384953955,1.068198638,0.931349247,0.056832184,-1.654453296,1.238292477,-1.172978582,-0.398560698,-0.879425237,-0.072421763,-0.40376646,-1.314480225,0.419820254,-0.430670013,-0.577547748,-0.61170537,-0.023149767,-0.029336259,75.1
137,61036,-18.13191144,-16.15938435,-4.216645857,3.887877811,-1.819876921,1.022268881,4.685356433,-2.20852352,3.603113774,1.959249952,2.42253989,0.89908384,0.966843624,-2.164091089,1.402271363,2.090824765,-0.860882927,-1.895567995,1.059320111,-11.58756897,-4.612145725,0.452970804,0.221869611,0.448572548,1.337707197,1.026662063,-1.569662073,6.796708523,1129.92
138,166391,1.959883791,-0.309099111,-1.46417506,0.103232377,0.047804668,-0.851429863,0.15764593,-0.251306309,0.171611253,0.317604677,0.729032972,0.732072914,0.034152906,0.616655047,-0.042463733,0.332501,-0.834901417,0.321704133,0.161964937,-0.074834803,0.273184892,0.754555401,-0.051563541,-0.257420233,0.048869748,0.781569725,-0.104558825,-0.07429612,59
139,163439,-0.423194182,0.686693775,0.369466542,-1.089008985,1.240213687,-0.789147917,1.376785928,-0.548313993,0.214525628,-0.607568677,-1.348229213,0.374572472,0.875092958,-0.323347451,-0.542651225,-0.0534473,-1.030048496,-0.52245556,-0.260183574,-0.182771772,-0.281880823,-0.585008238,-0.118636154,-0.673848668,0.134587654,-0.699502864,-0.396900618,-0.187322409,9.99
140,44520,-1.029034828,-4.639064208,-1.591733961,0.355122178,-1.798808756,0.072088465,1.219981933,-0.372108435,-0.654557537,-0.007581161,-0.94781851,-1.295131792,-1.166497022,0.376548072,0.375179094,0.612223738,0.840476238,-1.511990574,0.249423182,2.513161113,0.895345816,-0.274353034,-1.294701927,-0.349453801,0.268031337,-0.134340444,-0.242104665,0.212617992,1276.3
141,144168,2.043263915,0.247747683,-1.583917117,1.386296265,0.423822833,-1.155218647,0.626759572,-0.411400954,0.219523741,0.264911929,-0.991349579,0.264841518,-0.375750181,0.554234312,-0.507435598,-0.735221889,-0.120493172,-0.648521195,-0.22048496,-0.324419462,0.044062823,0.369195711,0.006204839,-0.011100444,0.457090408,-0.488289215,-0.0139473,-0.063583304,1
142,156421,2.06581839,-0.2611768,-1.089503957,0.248980889,0.004663512,-0.389917706,-0.153362968,-0.076515221,1.259197178,-0.149488784,-1.882193202,-0.221407579,-0.7874321,0.262430785,0.362805718,0.213023757,-0.65689845,-0.273144661,0.645101135,-0.259417193,-0.544269628,-1.482944577,0.356573285,-1.106370969,-0.353139254,-0.777687046,0.004704464,-0.047589101,12.99
143,46861,-0.42717277,-0.268390731,1.128540822,-2.90152517,-0.69676694,0.255324576,0.248759939,-0.08621858,-2.660874692,0.875793948,0.167780344,-0.298245448,1.514300139,-0.576944773,-0.794563062,0.451440822,-0.592809016,0.598976928,-0.116195947,-0.281434296,-0.365881748,-0.772207196,-0.006722715,-0.891701072,-0.228978348,-0.640580469,0.034912538,0.077890542,108
144,132273,-0.704375195,0.422197848,-1.429320746,-1.282313511,3.491234411,3.129040157,0.458858506,0.775807746,-0.430302325,-1.016177078,0.24068643,-0.401437202,-0.295984004,-0.612058495,1.236056127,-0.08305834,0.404472514,0.624343612,-0.10602425,-0.049991572,0.267558408,0.830891322,0.012156538,0.636820346,0.193766271,-0.035865502,0.099816424,0.132638904,21.5
145,140433,2.08174322,-0.866565885,-1.312217622,-0.582042061,-0.55946229,-0.594231493,-0.4688709,-0.013692768,-0.534075709,1.119712144,0.453100631,-0.519467396,-2.035563298,0.881384773,-0.18991759,-1.146190477,-0.249045827,1.319390258,-0.373556692,-0.658720122,-0.601712657,-1.452282032,0.466730887,0.656009774,-0.5732976,0.241518132,-0.088564016,-0.058196131,37
146,2989,0.781205736,-0.603810811,0.909556767,1.228514857,-0.849177405,0.316062478,-0.356096194,0.129772881,0.38542742,-0.08220375,0.857197778,1.416767205,0.994844115,-0.216275972,-0.128739067,0.518939149,-0.823907505,0.742846415,-0.083402781,0.337564026,0.280862925,0.563029861,-0.32431435,0.062211253,0.486993786,-0.278839795,0.034592735,0.057661841,197.53
147,75625,1.092756432,-0.568299074,0.66306686,0.458083821,-0.886452772,0.130834219,-0.59811536,0.164365468,-1.126498598,0.941513117,1.229607107,0.469661286,-0.143874256,0.392601735,0.552404577,-1.20481124,-0.241881467,1.361927645,-1.319461693,-0.436762444,-0.321028904,-0.631595519,0.072033815,-0.05062184,0.157749648,-0.471476446,0.055753321,0.034922011,79.35
148,54485,1.171024267,-0.14199281,0.753758969,-0.000688762,-0.80018628,-0.582827497,-0.340420869,0.008502877,0.09483077,-0.015093672,1.498117185,1.012417354,0.261361866,0.247660832,0.558386528,0.728360016,-0.679647911,0.051159692,0.241650005,0.014206422,-0.125243889,-0.458259985,0.118459989,0.380461578,-0.022883003,0.76764811,-0.069750851,0.009472109,30.29
149,40797,-0.578171422,0.997735212,1.043197705,0.839245829,-0.117676934,-0.073034499,1.07207306,-0.152740847,-0.474790834,-0.089907982,-0.357107258,-0.331095509,-0.457928006,0.386148811,1.351106613,-0.577084221,0.0872427,-0.290453893,0.078571587,-0.14587881,0.187586358,0.586140663,-0.09747862,0.084353411,-0.360000591,-0.32651062,-0.034766838,0.15297547,100
150,149207,1.985248746,-0.175400656,-0.7675261,0.349125451,-0.577010332,-0.955776904,-0.489079051,-0.035038094,1.40827193,-0.690864136,-0.504018482,-0.147690016,-0.830599733,-1.115943745,0.946332361,0.58863364,0.556536077,0.280077007,-0.217632529,-0.241141936,-0.266409686,-0.634163729,0.388152572,-0.168212377,-0.544249537,-0.277227219,0.022272818,-0.011698548,4.55
151,164375,1.899395711,0.028588173,-1.766554506,0.5942997,0.161636753,-1.477498408,0.453011701,-0.476558994,0.425340105,-0.540080618,-0.164941927,0.616494292,1.036867332,-0.914051622,0.794660319,0.162468284,0.343558531,0.387407643,-0.468978271,0.025597596,0.257540926,0.784088096,-0.103749711,0.014916701,0.256817666,-0.116177609,-0.011084522,-0.014576133,85.25
152,155872,-1.777491681,-1.299400198,0.011975253,-0.254779312,1.873634585,-1.30702274,0.475306412,-0.057715127,-0.158351217,-0.06214573,0.651850379,1.052163845,0.641107416,0.101367445,-0.953165764,0.189172708,-0.816071973,-0.242956613,0.42882136,-0.284174822,-0.340775786,-0.284444304,1.742260567,-0.421212863,-0.047510764,0.206569171,0.373619234,-0.115934573,7.7
153,41674,1.306741092,-0.336850359,0.568386583,0.279972614,-0.467853809,0.524810582,-0.71619798,0.098905569,-0.828954229,0.748471966,-1.16387012,0.109567411,1.39356698,-0.237330809,1.340350028,-1.006405684,-0.507046341,1.165374067,-1.298765356,-0.451393841,-0.442169473,-0.744269095,0.026494075,-0.975835799,0.287213136,-0.4067639,0.091519746,0.032720987,19.35
154,56503,0.915391798,-1.115248841,0.623923162,-1.195147724,-1.521908324,-0.874188505,-0.406509544,-0.119560174,1.969195887,-1.311185274,-0.365204507,0.843169198,0.223470876,-0.20979247,1.383216334,-0.463756601,-0.070889421,0.243649796,0.659454578,0.302524505,0.231765487,0.531309285,-0.276701227,0.483768677,0.448558881,-0.006592454,0.01939499,0.05711583,189.03
155,57734,1.29385742,-0.729442243,0.583139563,-0.481273022,-1.065590143,-0.283693572,-0.714762645,0.025546589,-0.325669299,0.431188259,-0.423016616,-0.431461463,-0.341065147,-0.405125385,-0.120220201,0.401725305,0.9460917,-2.178013724,0.5781057,0.041198613,-0.050138063,-0.105561333,0.044173185,0.08930897,0.346106579,-0.30475411,0.030305586,0.017554593,34
156,139333,-1.456689128,-1.1208067,-0.346577623,-0.36274933,-0.548789368,-0.529332703,3.004190463,-0.565244088,-0.885195602,-1.159334457,-0.665572035,0.463637983,1.605425734,0.116647512,0.038302398,0.050858102,-0.699362712,-0.068371186,-0.530166212,1.381040274,0.717447583,1.005303873,1.16737347,0.09250476,0.067468326,0.682594671,-0.131822805,0.213421269,599
157,141847,-14.60839724,-11.24646476,-7.446024418,1.230389095,-6.9085639,4.132571174,4.34740828,0.7779969,-0.593955465,-1.280049646,0.514887521,0.821839064,1.175546177,1.067696304,0.571264929,3.28747833,0.961150786,-2.581070857,-0.184724794,-4.259154239,-1.435276655,-1.841822868,-6.716462222,-0.214952655,-0.825961676,-0.75660014,-0.708508651,0.213496773,1162.47
158,148243,-2.13691354,0.980763117,0.018984385,1.035073753,-1.596550168,1.990791153,1.688819659,0.697679367,-0.337006871,-1.064549003,-2.047226633,0.545123036,0.9225692,-0.035147557,-0.709863188,-0.312340119,0.321660617,-0.414347681,1.53083201,-0.263807563,-0.630314855,-1.395232162,0.073004856,-0.041237202,0.610700152,-0.771821996,0.204790636,-0.294537972,414
159,140036,-0.417131896,1.031685394,0.500677107,3.04840976,1.568281381,0.490174721,0.828409518,-0.017055382,-1.319571383,0.941557228,-2.609750686,-0.747003485,0.160309332,-0.165809497,-1.669251966,0.511356183,-0.835753445,0.021536615,-0.597619083,-0.135161802,0.171926359,0.573941125,-0.225558169,-0.995220987,-0.455020607,0.087355282,0.057521409,0.269034134,23.51
160,163935,-3.453987173,-2.626691325,0.302480842,-0.27301549,0.023024847,-0.281381448,0.899427626,-0.07153867,1.001387193,-0.109012013,0.48425397,0.941118657,0.636232328,-0.433945003,-0.351887134,0.55200521,-1.057860231,0.826368385,0.111089166,0.225719129,0.04971589,0.847345997,0.205034412,-0.243562554,0.135225345,0.125948495,0.527722331,1.205545673,500
161,65271,-0.321936748,0.00655062,0.831382404,-2.023705866,0.611750873,1.18366146,-0.119562016,0.483267103,-1.112670933,0.058082111,0.08673984,-0.275898405,0.733300791,-0.387142392,1.083841334,0.167283994,0.920804785,-3.159425594,-1.521049867,0.092151123,0.291237264,0.986573164,-0.003998358,-1.486176941,-0.315614356,-0.248209519,0.352450939,0.079456796,15
162,73115,-2.834820692,2.135931603,0.588979774,-1.599597961,-0.983638275,-1.053639122,-0.056656155,0.704568131,0.807185955,1.190705142,1.292066577,0.75986304,-0.398689591,0.123981586,-0.092218243,0.75143155,-0.698166038,0.060372344,-0.599953048,0.414045063,-0.197646862,-0.11487001,0.151866713,0.536348267,-0.157999084,0.616890753,-0.323110796,-0.40356525,0.77
163,167493,0.239640114,0.865293262,-0.457359976,-0.815575227,1.339627209,-0.183251201,1.031071642,-0.124323593,-0.058789195,-0.439181415,0.541730608,0.076406195,-0.433981729,-0.977535489,-0.823613145,0.622740907,-0.160872701,0.480179999,0.271973035,0.088272557,-0.383069466,-0.830256215,-0.021361492,-0.023720952,-0.420230745,0.101342124,0.052036463,-0.155397873,2.28
164,158247,2.060254222,-0.195870866,-1.361437668,0.425291402,0.16703426,-0.535317017,0.075129154,-0.243939849,0.745633421,0.010934636,-1.135917704,0.594574493,0.453303313,-0.06911617,-0.671358321,-0.488762639,-0.133215701,-0.543688153,0.180197806,-0.155923714,0.122907059,0.644690662,0.010032805,0.767610911,0.254814296,0.694343944,-0.071182913,-0.063578422,11.5
165,74290,1.395604346,-1.557969296,1.733979111,-0.771014806,-2.446110648,0.301774895,-1.947259399,0.192773007,-0.295787699,0.987348184,-1.413643127,0.089854534,0.97352575,-1.826123725,-2.075923838,-1.178301352,1.271065239,-0.23324028,0.376165791,-0.321496839,-0.259370723,0.168544109,-0.029691023,0.432119009,0.420241456,-0.046472069,0.120238748,0.034215846,13.2
166,100399,-2.151003993,0.048857072,3.397638653,1.328116452,-0.739680659,1.196901845,-0.80439792,0.5246833,2.446293801,0.951084661,0.508127362,-3.076272745,-0.488086507,-0.060363911,-3.637873145,0.94760697,0.390913211,0.457965457,-0.614035161,0.221129316,-0.381821162,0.015806718,-0.350278417,0.108181402,0.076170094,2.399824503,0.306014296,0.260536262,72.38
167,79982,1.163124944,-0.945194295,0.15221683,-0.620496589,-0.976305673,-0.42053087,-0.458255922,-0.048925578,-0.799717354,0.676938926,0.872259461,-0.087873167,-0.395043685,-0.016616304,-0.692700836,1.059456034,0.204397332,-1.008694618,1.196910095,0.278052276,0.104049054,0.009153,-0.176747648,0.017003311,0.495173847,-0.261183582,-0.022584056,0.018536838,125
168,79494,1.145349989,-0.553647277,0.956380424,-0.828256845,-1.20159213,-0.182916698,-0.853366864,0.32685118,1.776966275,-0.910216726,1.400935531,0.763997285,-1.719298798,0.394463275,0.977534429,-0.525645378,0.044527582,0.356583924,0.42094753,-0.251561301,0.062656469,0.352606071,0.02498533,0.206024736,0.318094783,-0.681784119,0.096524236,0.020462949,1
169,59062,1.335498611,0.332192749,-0.375859809,0.161524984,0.621248499,0.26574939,0.017609369,-0.005060169,-0.266019988,-0.141878576,0.263667663,0.905590505,1.482692439,-0.401271048,0.40595245,1.1303601,-0.943758506,0.632746807,0.735526106,0.053281505,-0.337494587,-0.950817123,-0.109404643,-1.410860497,0.451744726,0.180642866,-0.022403234,0.005380078,1.98
170,63828,-5.542441085,-2.197743158,-3.854121913,3.263731049,-0.400658897,6.064004118,0.194445462,-4.266491155,-2.161986718,-0.998151984,-0.875313263,0.188134701,0.083230117,1.644772207,0.605613304,1.028612528,0.171024369,0.409538006,1.284792933,-0.534409466,-3.100871326,1.08207991,1.451119988,1.159673754,-0.283474583,0.265837617,1.562746938,-2.013518264,598.04
171,123825,0.084322135,0.707292608,0.550344754,0.949635773,0.449863472,-0.818603083,0.847142276,-0.210714602,-0.124882999,-0.359954639,-0.819774787,0.735545519,0.644782867,-0.134626254,-0.983537036,-0.891108234,-0.005421426,-0.434053919,-0.184791061,-0.111794214,0.276722654,1.071789928,-0.076352467,0.439439181,-0.345741503,-0.542502974,0.172050679,0.118707068,14.35
172,11058,-0.368490654,0.452362188,1.683724271,-0.644827684,-0.198203834,-0.985661822,0.203497896,-0.096282598,1.450834637,-1.037772196,0.197454838,-3.029868538,0.886534392,1.519036834,-0.062929438,0.658962126,0.055948073,0.369609892,-0.948969115,-0.153880422,0.086652444,0.394599166,0.0430112,0.37264499,-0.909106926,0.760541228,0.063424824,0.174949654,15.95
173,78463,1.152138429,0.017440998,1.298882035,1.336635588,-0.920340057,-0.183503621,-0.512456729,0.051714339,0.786908689,-0.222355687,-0.671897949,0.849664877,0.724139279,-0.4969536,0.102626095,0.045495147,-0.287361163,-0.147277045,-0.216439358,-0.088494863,-0.054074687,0.0829645,-0.012993954,0.414958447,0.438069495,-0.411645624,0.076870478,0.03993515,9.99
174,96431,-3.013288794,-0.063992848,-0.47712707,-0.518490379,0.504245429,-0.60625136,0.34794925,0.89587865,1.040649558,-2.42183736,1.52956674,-2.313043109,0.150989424,0.920183027,-1.873785613,0.677083713,1.784541502,1.082756954,-0.455278405,-0.024256768,-0.25879231,-0.987855602,-0.226382614,0.512856151,0.819862724,-0.136745008,-0.039183569,-0.343886306,133.47
175,141546,-1.34678684,0.646100868,0.143636656,-3.24186043,0.654973996,-1.634062609,1.270589551,0.095503374,-0.061253604,-2.307842801,0.808260903,1.620287259,0.26420552,0.717854718,-1.528814486,-0.697132965,-0.376688167,-0.157247441,0.136237062,-0.159203239,0.138118564,0.252753465,-0.569484625,0.149349815,1.352032275,-0.218178377,-0.176554498,-0.093975465,29.71
176,149908,-0.053143597,1.028987499,-0.303022889,-0.705424506,0.919446123,-0.55291201,1.095267941,-0.16965636,0.074445892,-0.144225339,1.175995561,0.330747752,-0.497634989,-1.018460752,-0.860454715,0.409543422,0.069409616,0.240595651,-0.013320051,0.201032997,-0.369142531,-0.724677256,0.083146958,0.647503102,-0.454315948,0.064414714,0.166009674,-0.091359092,18.28
177,31354,0.876036256,-1.54399026,0.897390418,-0.554891497,-1.440660031,0.814703149,-1.224194011,0.433416375,-0.26112848,0.527570135,1.451346572,-0.032490638,-0.676047775,-0.2555805,0.277701031,0.85179201,0.676424172,-1.298721661,-0.027457031,0.337700157,0.515775485,1.144386884,-0.205158156,-0.235226373,0.184913058,-0.02155102,0.039618549,0.038528762,191.45
178,131619,2.132323153,0.900009603,-4.143616588,0.324280648,1.800481698,-1.658368419,0.878674241,-0.391401093,-0.034242056,-1.571227145,1.333368174,-0.666945725,-1.089251556,-3.291628868,0.284371399,1.297867868,2.571723164,2.304932393,0.128584276,-0.131493941,-0.119003773,-0.214813177,-0.237485128,-1.377270226,0.520034219,0.289290509,-0.043102385,-0.004966692,0.77
179,124483,1.894855208,-0.755866064,-0.002663567,0.372376317,-0.955265754,0.10686651,-1.038161019,0.14422965,1.844225868,-0.202406479,-1.649733,0.112749053,0.205548445,-0.412613022,1.123071169,0.796619064,-1.012517071,0.838800238,-0.210161679,-0.088304661,0.223748953,0.751214963,0.063333097,-0.706929499,-0.284674987,-0.229910325,0.061789773,-0.021450354,59.8
180,65070,1.315762374,0.430459164,-0.228004066,0.919127658,0.305158521,-0.590973128,0.386389453,-0.253833511,-0.12723297,0.013769271,-1.07274765,0.108600975,0.447998059,0.356850267,0.800376232,0.146605738,-0.681744959,-0.073899827,0.031464286,-0.101799093,-0.080897881,-0.166127863,-0.201852299,-0.450276754,0.851513484,-0.306814372,0.004660114,0.008868189,3.95
181,139662,2.097662866,0.053659855,-2.176668838,0.221292059,0.657438473,-1.166656938,0.642756311,-0.390517966,0.370053882,0.067102105,-0.920622422,-0.381306252,-1.182169399,1.009475356,0.624103384,-0.530979605,-0.269669481,-0.350711359,-0.008636531,-0.281276246,0.095287232,0.304888503,0.022530562,0.600179733,0.399899648,-0.187087021,-0.066154111,-0.065490302,14.9
182,11844,-2.341148077,-0.878405288,2.027599604,-0.632947492,1.224965262,0.14354043,0.223989499,-0.064549986,1.581691182,-0.786401791,2.370400091,-1.459709297,1.590057726,0.894250473,-1.66533879,-0.686380855,0.833598442,-0.826953456,-0.535158717,-0.512216707,-0.270958143,0.243911468,0.534902218,-0.25974616,0.460600823,1.00413343,-0.612629458,0.120564827,4.9
183,33367,-1.543431714,-0.068040561,1.623686432,-1.738644333,-0.962770432,0.439913,-0.426116749,-2.727982152,-1.659142104,-0.372272649,1.548109536,-0.487300546,-1.432319741,0.366439499,-0.091603142,1.456643187,0.185523703,-1.361957135,-0.210732048,0.645789681,-1.302278518,0.152533457,-0.392600416,0.181617933,-0.129629156,-0.612705199,0.006317788,-0.19584534,259.62
184,171070,-0.928188921,0.611872337,-0.008264027,-0.776517624,1.622426223,4.55208872,-0.611632299,1.58461141,0.161158938,-0.706383232,-0.537315366,0.119398937,-0.059614487,0.062351552,0.690648862,0.678847005,-0.815640931,0.344412118,-0.998993967,-0.270016923,0.165916724,0.2523023,-0.063028027,0.661841645,-0.029277028,-0.721211497,-0.23043523,-0.062625632,78.5
185,142946,-0.839332248,1.562555591,-1.216964964,-1.414716308,1.140150015,-1.211838198,1.512836666,-0.274179291,0.122802497,0.74347735,0.426394517,0.067117058,-1.086875328,0.80970974,-0.664993275,-0.451014382,-0.727879922,0.191973051,0.154503591,0.236490821,0.189515512,0.865253329,-0.225282946,-0.446260905,-0.177007026,0.104030962,0.58061313,0.421165962,0.23
186,131235,1.960087822,-0.328982385,-0.214992336,0.494715067,-0.648675139,-0.383765231,-0.575709119,-0.052084688,1.272096589,-0.204464504,-0.500126512,1.125467442,1.127499892,-0.400961904,0.375740533,-0.055341998,-0.449669211,-0.016188711,-0.366185174,-0.13523612,0.224255508,0.91522683,0.187311237,1.199406394,-0.09107288,-0.275495378,0.044150281,-0.023240968,9.99
187,156668,-0.883379663,0.696555991,0.833874492,-2.847953875,1.140713882,-0.760134333,1.720740528,-0.368647005,0.770249351,-1.807542622,-1.057137223,0.536758544,0.295822511,-0.197782908,-0.488174286,-0.6479821,-0.792343792,-0.417994499,-0.249873515,0.121716712,-0.312129815,-0.614421094,-0.422378899,0.438737763,1.21571425,-1.287920804,0.098063987,-0.108770696,39.54
188,141660,0.257625106,-0.718589736,-2.722773929,-3.593782812,1.718567823,3.483777065,1.652385775,0.013558775,-2.831321367,1.192987925,-0.259281378,-1.488904299,-0.078440317,0.103198955,-0.640810095,-1.481206393,0.455529723,-0.404780909,-0.356101088,-0.269367792,0.134308568,0.953818291,-0.197423113,0.761562113,0.445317625,0.211921205,-0.159864738,-0.295545109,289.8
189,47800,1.320230829,-0.289266369,-0.16020727,-0.616581178,0.140160389,0.710170119,-0.543468844,0.327343266,0.511446213,-0.034078292,-0.144883988,-0.488382631,-1.395345852,0.593832854,1.117547545,0.893933918,-0.86539843,0.401481706,0.622523351,-0.14386384,-0.188820635,-0.603638117,-0.077927148,-1.707889053,0.187116929,1.030299449,-0.071237202,-0.025732676,0.76
190,54064,1.013195723,1.028043729,-1.692841243,1.317669064,1.69577319,0.52977819,0.335297351,0.363837966,-0.712115961,-1.571545843,3.463056504,0.538522573,-0.377614011,-3.04488391,1.469250802,-0.029385399,3.664668528,-0.104636393,-2.098806675,-0.162056974,-0.038601579,0.094746546,-0.094928748,-1.345525162,0.509313583,-0.182961484,0.106548146,0.072288121,3.59
191,147933,-0.377146692,0.933414707,0.142722265,-1.862445848,0.709592874,-2.348599318,1.95374214,-0.655373835,-0.873707584,-1.048282758,0.066754873,0.720147136,0.754996097,0.354542062,-1.012611166,-0.199293604,-0.49531448,-1.256883897,-1.447532692,-0.174864018,0.233119271,0.645181265,-0.149738801,1.050685881,-0.175100039,1.023159953,-0.030088059,0.14209839,24.99
192,57295,1.196097094,-0.752846576,-0.158246139,-0.556398056,-0.706692307,-0.128312981,-0.683707049,0.194540418,-0.595388633,0.272827985,1.169620674,-0.914086154,-1.839412868,-0.770793057,-0.154216767,1.203422988,1.325035408,-0.860786458,0.712620721,0.094840182,-0.003857596,-0.226292267,-0.07126908,-0.429489664,0.330669921,-0.269237717,0.009806836,0.028680189,78.32
193,39892,-0.886022717,-3.746952341,-0.013576298,1.026757014,-1.797836115,1.264180163,0.40593345,0.253152296,0.830120661,-0.765922034,1.260926792,1.169577886,-0.513448378,0.036137603,-0.353640928,-0.316951847,0.498053665,-0.773025445,-0.359123283,1.896435407,0.483613115,-0.649644381,-0.759476341,-0.179642288,-0.429040664,0.846207292,-0.197371047,0.17371335,1023.22
194,63074,1.382086259,-1.236997097,0.638922967,-1.277451339,-1.846997707,-0.91907951,-1.044557216,-0.151644743,-1.634973105,1.407166368,-0.551056556,-1.232190622,-0.198125918,-0.219282037,0.842642975,-0.146571995,0.470313475,0.018261719,-0.254851147,-0.24563276,-0.339749199,-0.802637428,0.133659559,0.310121508,0.083321036,-0.413951249,0.02660165,0.038960854,75
195,136228,2.051440792,-1.063762194,-1.381784718,-0.9771036,-0.634973426,-0.813439268,-0.4446865,-0.108192585,-0.458839229,0.989527214,0.5558648,-0.831037262,-1.732112714,0.562915453,-0.350489094,1.208228943,0.040046758,-1.08859426,1.080633139,-0.00980266,-0.003097861,-0.305158151,0.213914225,-0.460199215,-0.299410372,-0.421702237,-0.05965724,-0.062643708,80.3
196,1364,-0.769546835,0.882482283,1.98498579,0.987156679,-0.260967487,0.32947389,0.04578347,0.222629017,0.391435258,-0.050664715,-0.736044138,0.056478372,-0.257760448,-0.355270194,0.48326467,-0.789557322,0.344012146,-0.184852266,0.212206226,0.055346416,0.207555001,0.896857321,-0.190288972,0.110994151,-0.137128124,-0.164592867,0.175586121,0.224659481,2.46
197,158624,2.093812612,-0.261080976,-1.534234822,0.064350036,0.279416888,-0.313536995,-0.06356983,-0.016179211,0.629219807,0.296675506,-0.316746668,-0.189418285,-1.636590946,0.766498083,-0.383345723,0.491048954,-0.828466261,0.199792925,0.855027366,-0.293600885,-0.329254195,-0.933555532,0.215707005,-1.147514402,-0.245439664,0.251510085,-0.087803756,-0.084917471,1.98
198,40499,-0.182977033,-2.057605158,-1.014561054,1.72240424,-0.275966632,0.361017173,1.234931139,-0.260293959,-0.037957036,-0.405414106,-1.093475826,0.355761323,0.513470475,0.319997142,0.353760033,-0.344484635,-0.138188333,-0.508936374,-0.412480632,1.369175475,0.393169742,-0.340003339,-0.882635456,-0.70232643,0.617711069,-0.259588894,-0.113584699,0.132333706,748.3
199,43208,1.124179031,-0.158551842,0.733868606,0.711834803,-0.817193765,-0.481278253,-0.255791623,0.081551314,0.416525394,-0.036995125,1.078152605,0.732578155,-1.109708907,0.28407349,-0.736580732,0.005191722,-0.109282751,-0.198089325,0.46577322,-0.123165938,-0.234682979,-0.646427181,0.085436889,0.532785281,0.215202399,0.257276314,-0.03758241,0.009294978,29.99
